# 由 tools/corpus/glossary_ru.py 生成。词	[词性. ]译词	[词性. ]译词
一	num. один
一起	adv. вместе
七	num. семь
三	num. три
不是	part. нет
世界	n. мир
业务	n. бизнес	n. деятельность
中午	n. полдень
中国	n. Китай
丰富	adj. богатый
为什么	adv. почему
主人	n. хозяин
主要	adj. главный
九	num. девять
习惯	n. привычка
乡村	n. деревня
书	n. книга
买	v. покупать	v. купить
事件	n. событие
二	num. два
云	n. облако
互联网	n. интернет
五	num. пять
交流	n. обмен	v. обмениваться
产品	n. продукт
产生	v. возникать	v. порождать
人	n. человек
人工智能	n. искусственный интеллект
什么	pron. что
今天	adv. сегодня	n. сегодня
从不	adv. никогда
仓库	n. репозиторий
代码	n. код
令牌	n. токен
价格	n. цена	n. стоимость
任务	n. задача	n. задание
优化	v. оптимизировать	n. оптимизация
伙伴	n. партнёр
会议	n. совещание	n. встреча
会话	n. сессия
传感器	n. датчик
但是	conj. но
位	n. бит
体积	n. объём
作业	n. домашнее задание
你好	int. привет	int. здравствуйте
使用	v. использовать
供应	v. поставлять	n. поставка
依赖	n. зависимость
俄语	n. русский язык
保养	n. уход	v. обслуживать
保存	v. сохранять
保护	v. защищать	n. защита
信任	n. доверие	v. доверять
修理	v. ремонтировать	n. ремонт
倾听	v. слушать	v. прислушиваться
假	adj. ложный
假期	n. каникулы	n. отпуск
做	v. делать
停止	v. останавливать	v. прекращать
健康	n. здоровье	adj. здоровый
儿子	n. сын
兄弟	n. брат
光线	n. свет	n. луч
全局	adj. глобальный
八	num. восемь
公交车	n. автобус
公开	adj. публичный	adj. открытый
六	num. шесть
关键	n. ключ	adj. ключевой
关闭	v. закрывать
兴趣	n. интерес
兼容性	n. совместимость
内存	n. память
内核	n. ядро
再见	int. до свидания
写	v. писать
写作	v. писать	n. письмо
冬天	n. зима
决定	n. решение	v. решать
准备	v. готовить	n. подготовка
准确	adj. точный	adv. точно
几乎	adv. почти
出版	v. издавать	n. издание
出租车	n. такси
函数	n. функция
分布式	adj. распределённый
分支	n. ветка
分析	v. анализировать	n. анализ
分钟	n. минута
列表	n. список
创建	v. создавать
创造	v. создавать	n. творчество
删除	v. удалять
利润	n. прибыль
制造	v. производить	n. изготовление
前端	n. фронтенд
办公室	n. офис
加密	n. шифрование	v. шифровать
加工	v. обрабатывать	n. обработка
包	n. пакет
包装	n. упаковка	v. упаковывать
化学	n. химия
医生	n. врач
医院	n. больница
十	num. десять
千	num. тысяча
升级	v. обновлять	v. улучшать
午夜	n. полночь
午餐	n. обед
协商	v. договариваться	n. переговоры
协议	n. протокол
协议书	n. соглашение
卖	v. продавать	v. продать
卸载	v. удалять	n. удаление
历史	n. история
压力	n. давление
原则	n. принцип
原因	n. причина
参与	v. участвовать	n. участие
参数	n. параметр
发展	v. развивать	n. развитие
发布	v. публиковать	n. релиз
发明	v. изобретать	n. изобретение
发现	v. обнаруживать	v. находить
发表	v. публиковать
发送	v. отправлять
发音	n. произношение
变量	n. переменная
古老	adj. древний	adj. старый
句子	n. предложение
可扩展性	n. масштабируемость
可能	adv. возможно	adj. возможный
可靠性	n. надёжность
合作	n. сотрудничество	v. сотрудничать
合同	n. договор	n. контракт
合同书	n. договор
合并	v. объединять	v. сливать
同事	n. коллега
同意	v. соглашаться
同步	adj. синхронный	v. синхронизировать
后端	n. бэкенд
吞吐量	n. пропускная способность
听	v. слушать	v. слышать
周末	n. выходные
命令	n. команда
命令行	n. командная строка
和	conj. и
咖啡	n. кофе
咖啡馆	n. кафе
响应	n. ответ
哪里	adv. где
哲学	n. философия
商店	n. магазин
四	num. четыре
因为	conj. потому что
困难	adj. трудный	n. трудность
固件	n. прошивка
国家	n. государство	n. страна
图	n. граф
地铁	n. метро
城市	n. город
基础	n. основа	n. база
堆	n. куча
声明	n. объявление	v. объявлять
声音	n. звук	n. голос
处理器	n. процессор
备份	n. резервная копия	v. копировать
复习	v. повторять	n. повторение
复杂	adj. сложный
夏天	n. лето
多线程	n. многопоточность
大	adj. большой
大学	n. университет
大小	n. размер
大约	adv. около	adv. примерно
天气	n. погода
太阳	n. солнце
失去	v. терять
失败	n. неудача
头	n. голова
女人	n. женщина
女儿	n. дочь
好	adj. хороший	adv. хорошо
如果	conj. если
姐妹	n. сестра
字典	n. словарь
字段	n. поле
字符	n. символ
字符串	n. строка
字节	n. байт
学习	v. учиться	n. учёба
学校	n. школа
学生	n. студент
孩子	n. ребёнок
安全	n. безопасность	adj. безопасный
安装	v. устанавливать	n. установка
完全	adv. полностью
完善	v. совершенствовать
完成	v. завершать	v. выполнять
定义	n. определение	v. определять
实现	v. реализовывать	v. осуществлять
审批	n. согласование	v. согласовывать
客人	n. гость
客户	n. клиент	n. заказчик
客户端	n. клиент
家	n. дом	n. семья
家庭	n. семья
容器	n. контейнер
容器化	n. контейнеризация
容易	adj. лёгкий	adv. легко
宽度	n. ширина
宾馆	n. гостиница	n. отель
密码	n. пароль
寒冷	adj. холодный
对不起	int. извините
对象	n. объект
将要	adv. скоро
尊重	n. уважение	v. уважать
小	adj. маленький
小时	n. час
局部	adj. локальный
属性	n. свойство
岛屿	n. остров
工作	n. работа	v. работать
工具	n. инструмент
工程	n. инженерия	n. проект
工程师	n. инженер
已经	adv. уже
市场	n. рынок
布尔	adj. логический	adj. булев
希望	v. надеяться	n. надежда
带宽	n. пропускная способность
帮助	v. помогать	n. помощь
常常	adv. часто
干净	adj. чистый
平台	n. платформа
年份	n. год
年轻	adj. молодой
并发	n. параллелизм
并发性	n. параллелизм
床	n. кровать
库	n. библиотека
延迟	n. задержка
建议	n. совет	v. советовать
开发	v. разрабатывать	n. разработка
开始	v. начинать	n. начало
开源	adj. открытый
异常	n. исключение
异步	adj. асинхронный
当然	adv. конечно
形状	n. форма
循环	n. цикл
微服务	n. микросервис
心	n. сердце
心情	n. настроение
必要	adj. необходимый
忘记	v. забывать
快	adj. быстрый	adv. быстро
态度	n. отношение
怎么	adv. как
思想	n. мысль	n. идея
性能	n. производительность
总是	adv. всегда
总结	n. итог	v. обобщать	v. резюмировать
恢复	v. восстанавливать	n. восстановление
情况	n. ситуация	n. положение
想	v. думать	v. хотеть
感觉	n. чувство	v. чувствовать
感谢	v. благодарить	n. благодарность
愿望	n. желание
慢	adj. медленный	adv. медленно
成功	n. успех	adj. успешный
成本	n. себестоимость
或者	conj. или
战略	n. стратегия
房间	n. комната
手	n. рука
手机	n. телефон
手段	n. средство
打开	v. открывать
扩展	n. расширение
批评	v. критиковать	n. критика
技术	n. технология	n. техника
投资	n. инвестиция	v. инвестировать
护照	n. паспорт
报告	n. отчёт	n. доклад
报道	v. сообщать	n. репортаж
拒绝	v. отказываться	v. отклонять
指导	v. руководить	n. руководство
指针	n. указатель
授权	n. авторизация
排序	v. сортировать	n. сортировка
接受	v. принимать
接口	n. интерфейс
接收	v. получать
控制	v. контролировать	n. контроль
控制器	n. контроллер
描述	v. описывать	n. описание
提交	v. фиксировать	n. коммит
提供	v. предоставлять	v. обеспечивать
提高	v. повышать	v. увеличивать
插件	n. плагин
搜索	v. искать	n. поиск
操作	v. управлять	n. операция
操作系统	n. операционная система
支持	v. поддерживать	n. поддержка
改变	v. менять	n. изменение
改善	v. улучшать
改进	v. улучшать	n. улучшение
攻击	n. атака	v. атаковать
政府	n. правительство
政治	n. политика
效率	n. эффективность
数字化	n. цифровизация
数学	n. математика
数据	n. данные
数据库	n. база данных
数组	n. массив
数量	n. количество
整数	n. целое число
文件	n. файл
文件夹	n. папка
文化	n. культура
文学	n. литература
文档	n. документация	n. документ
文章	n. статья
断开	v. отключать
新	adj. новый
方便	adj. удобный
方案	n. план	n. проект
方法	n. метод
旅行	n. путешествие	v. путешествовать
日志	n. журнал	n. лог
旧	adj. старый
早晨	n. утро
早餐	n. завтрак
时代	n. эпоха	n. время
时间	n. время
明亮	adj. яркий	adj. светлый
明天	adv. завтра	n. завтра
星期	n. неделя
映射	v. отображать	n. отображение
春天	n. весна
昨天	adv. вчера	n. вчера
是	v. быть	part. да
显示器	n. монитор
晚上	n. вечер
晚餐	n. ужин
智能	n. интеллект	adj. умный
更新	v. обновлять	n. обновление
替换	v. заменять	n. замена
月亮	n. луна
月份	n. месяц
有效	adj. эффективный
有时	adv. иногда
朋友	n. друг
服务	n. услуга	n. сервис
服务器	n. сервер
朗读	n. чтение вслух	v. декламировать
机器学习	n. машинное обучение
机场	n. аэропорт
权限	n. право доступа
条件	n. условие
构建	v. собирать	n. сборка
架构	n. архитектура
架构师	n. архитектор
查询	n. запрос	v. запрашивать
标准	n. стандарт
栈	n. стек
树	n. дерево
树木	n. дерево
核心	n. ядро	n. суть
格式	n. формат
框架	n. фреймворк
桌子	n. стол
检查	v. проверять	n. проверка
森林	n. лес
椅子	n. стул
模块	n. модуль
模块化	n. модульность	adj. модульный
模型	n. модель
次要	adj. второстепенный
正在	adv. сейчас
正确	adj. правильный	adv. правильно
母亲	n. мать
比较	v. сравнивать	n. сравнение
水	n. вода
水果	n. фрукты
汉语	n. китайский язык
沟通	n. общение	v. общаться
河流	n. река
法律	n. закон	n. право
测试	v. тестировать	n. тест
浮点数	n. число с плавающей точкой
海洋	n. океан	n. море
深度	n. глубина
清楚	adj. ясный	adv. ясно
温度	n. температура
温暖	adj. тёплый
湖泊	n. озеро
漏洞	n. уязвимость
火车	n. поезд
煤炭	n. уголь
爱	v. любить	n. любовь
爱好	n. хобби
父亲	n. отец
父母	n. родители
版本	n. версия
牛奶	n. молоко
物理	n. физика
特别	adv. особенно	adj. особенный
状态	n. состояние
狗	n. собака
猫	n. кошка
环境	n. окружающая среда
现在	adv. сейчас
现象	n. явление
理想	n. идеал	n. мечта
理解	v. понимать
生产	v. производить	n. производство
生日	n. день рождения
生活	n. жизнь
用户	n. пользователь
电力	n. электричество
电影	n. фильм	n. кино
电脑	n. компьютер
男人	n. мужчина
百	num. сто
监听	v. слушать
监控	n. мониторинг	v. отслеживать
监督	v. контролировать	n. надзор
目录	n. каталог
目标	n. цель
目的	n. цель
相信	v. верить
相对	adj. относительный	adv. относительно
看	v. смотреть	v. видеть
真	adj. настоящий	adv. действительно
真实	adj. реальный	adj. истинный
眼睛	n. глаз
知识	n. знание
石油	n. нефть
研究	v. исследовать	n. исследование
硬件	n. аппаратное обеспечение
确实	adv. действительно
磁盘	n. диск
礼物	n. подарок
社会	n. общество
祖母	n. бабушка
祖父	n. дедушка
祝贺	v. поздравлять	n. поздравление
神经网络	n. нейронная сеть
票	n. билет
私有	adj. частный
秋天	n. осень
科学	n. наука
秒	n. секунда
程度	n. степень
空间	n. пространство
窗户	n. окно
笔记本	n. блокнот	n. тетрадь
答案	n. ответ
签证	n. виза
简单	adj. простой
算法	n. алгоритм
管理	n. управление	v. управлять
类	n. класс
精简	v. сокращать	adj. лаконичный
系统	n. система
索引	n. индекс
线程	n. поток
练习	n. упражнение	v. упражняться
组件	n. компонент
组织	n. организация	v. организовывать
终端	n. терминал
经济	n. экономика
经理	n. менеджер
经验	n. опыт
结束	v. заканчивать	n. конец
结构	n. структура
结果	n. результат
绝对	adj. абсолютный	adv. абсолютно
统计	n. статистика	v. подсчитывать
继续	v. продолжать
绩效	n. эффективность
维护	v. поддерживать	n. обслуживание
缓存	n. кэш
编码	n. кодировка	v. кодировать
编程	n. программирование	v. программировать
编译	v. компилировать
编译器	n. компилятор
网关	n. шлюз
网络	n. сеть
美丽	adj. красивый
翻译	n. перевод	v. переводить
老师	n. учитель	n. преподаватель
考试	n. экзамен
肮脏	adj. грязный
背诵	v. декламировать
能源	n. энергия
脚	n. нога
自动化	n. автоматизация
艺术	n. искусство
节日	n. праздник
节点	n. узел
芯片	n. чип
花	n. цветок
英语	n. английский язык
苹果	n. яблоко
范围	n. диапазон	n. область
茶	n. чай
药店	n. аптека
药物	n. лекарство
获得	v. получать	v. приобретать
蔬菜	n. овощи
虚拟	adj. виртуальный
虚拟化	n. виртуализация
融资	n. финансирование
街道	n. улица
衣服	n. одежда
补丁	n. патч
表扬	v. хвалить	n. похвала
表格	n. таблица
表达	v. выражать
观察	v. наблюдать	n. наблюдение
观点	n. точка зрения	n. мнение
规划	n. планирование	v. планировать
规律	n. закономерность
规范	n. спецификация	n. норма
视图	n. представление
解决	v. решать	v. разрешать
解密	n. расшифровка	v. расшифровывать
解释	v. объяснять	n. объяснение
解释器	n. интерпретатор
触发	v. вызывать
计算	v. вычислять	n. вычисление
认证	n. аутентификация
讨论	n. обсуждение	v. обсуждать
记录	v. записывать	n. запись
记得	v. помнить
设备	n. устройство	n. оборудование
设置	n. настройка	v. устанавливать
设计	n. дизайн	v. проектировать
证书	n. сертификат
证明	v. доказывать	n. доказательство
评估	v. оценивать	n. оценка
词汇	n. лексика	n. словарь
语法	n. грамматика
语言	n. язык
说	v. говорить	v. сказать
说明	v. объяснять	n. пояснение
请	int. пожалуйста
请求	n. запрос
读	v. читать
谁	pron. кто
调查	v. исследовать	n. расследование
调试	v. отлаживать	n. отладка
谢谢	int. спасибо
负载	n. нагрузка
负载均衡	n. балансировка нагрузки
责任	n. ответственность
质量	n. качество
贫穷	adj. бедный
资源	n. ресурс
赋值	n. присваивание	v. присваивать
走	v. идти	v. ходить
超市	n. супермаркет
足球	n. футбол
跑	v. бежать	v. бегать
距离	n. расстояние
路由	n. маршрут	n. маршрутизация
车站	n. вокзал	n. станция
转换	v. преобразовывать	n. преобразование
软件	n. программное обеспечение
迅速	adj. быстрый	adv. быстро
过滤	v. фильтровать	n. фильтрация
过程	n. процесс
运动	n. спорт
运行	v. запускать	v. работать
运输	v. перевозить	n. транспорт
返回值	n. возвращаемое значение
进程	n. процесс
连接	v. соединять	n. соединение
迭代	n. итерация
退出	v. выходить	n. выход
选择	n. выбор	v. выбирать
递归	n. рекурсия
通信	n. связь	n. коммуникация
通知	n. уведомление	v. уведомлять
速度	n. скорость
道路	n. дорога	n. путь
邀请	n. приглашение	v. приглашать
邮件	n. письмо	n. почта
邻居	n. сосед
部署	v. развёртывать	n. развёртывание
配置	n. конфигурация	v. настраивать
配送	v. доставлять	n. доставка
采购	v. закупать	n. закупка
重启	v. перезагружать
重构	v. рефакторить	n. рефакторинг
重要	adj. важный
重量	n. вес
钢笔	n. ручка
钱	n. деньги
铅笔	n. карандаш
银行	n. банк
销售	v. продавать	n. продажа
错误	n. ошибка
键盘	n. клавиатура
长	adj. длинный
长度	n. длина
门	n. дверь
闭源	adj. закрытый
问题	n. вопрос
阅读	v. читать	n. чтение
队列	n. очередь
防御	n. защита	v. защищать
防火墙	n. брандмауэр	n. фаервол
阶段	n. этап	n. стадия
降低	v. снижать	v. уменьшать
集合	n. множество
集群	n. кластер
雨	n. дождь
雪	n. снег
需求	n. требование	n. потребность
非常	adv. очень
面包	n. хлеб
面积	n. площадь
鞋子	n. обувь
音乐	n. музыка
预算	n. бюджет
领导	n. руководитель
颜色	n. цвет
风	n. ветер
飞机	n. самолёт
食物	n. еда	n. пища
餐厅	n. ресторан
驱动	n. драйвер
驱动程序	n. драйвер
高可用	adj. отказоустойчивый
高山	n. гора
高并发	adj. высоконагруженный
高度	n. высота
鸟	n. птица
黑暗	adj. тёмный	n. темнота
默认	adj. стандартный	n. умолчание
鼓励	v. поощрять	n. поддержка
鼠标	n. мышь
